<policies>
    <inbound>
        <base />
        
        <!-- Validate JWT Token -->
        <!-- Requirements: 1.2 (signature verification), 1.3 (expiration), 1.4 (audience), 1.5 (issuer) -->
        <validate-jwt header-name="Authorization" 
                      failed-validation-httpcode="401" 
                      failed-validation-error-message="Unauthorized. Access token is missing or invalid."
                      require-expiration-time="true"
                      require-signed-tokens="true"
                      clock-skew="300">
            <!-- OpenID Connect discovery for automatic key rotation -->
            <openid-config url="https://login.microsoftonline.com/{{azure-ad-tenant-id}}/v2.0/.well-known/openid-configuration" />
            
            <!-- Validate audience claim (aud) - Requirement 1.4 -->
            <audiences>
                <audience>{{api-application-id-uri}}</audience>
            </audiences>
            
            <!-- Validate issuer claim (iss) - Requirement 1.5 -->
            <issuers>
                <issuer>https://sts.windows.net/{{azure-ad-tenant-id}}/</issuer>
                <issuer>https://login.microsoftonline.com/{{azure-ad-tenant-id}}/v2.0</issuer>
            </issuers>
            
            <!-- Validate required scopes - at least one must be present -->
            <required-claims>
                <claim name="scp" match="any">
                    <value>Data.Read</value>
                    <value>Data.Write</value>
                    <value>Admin</value>
                </claim>
            </required-claims>
        </validate-jwt>
        
        <!-- Scope-based Authorization - Requirements 7.1, 7.2, 7.3, 7.4 -->
        <!-- Extract scopes from JWT claims - Requirement 7.1 -->
        <set-variable name="tokenScopes" value="@{
            var jwt = context.Request.Headers.GetValueOrDefault("Authorization","").AsJwt();
            if (jwt == null) return "";
            var scopes = jwt.Claims.GetValueOrDefault("scp", "");
            return scopes;
        }" />
        
        <!-- Validate scope requirements per endpoint - Requirements 7.2, 7.3, 7.4 -->
        <choose>
            <!-- DELETE operations require Admin scope -->
            <when condition="@(context.Request.Method == "DELETE")">
                <choose>
                    <when condition="@(!((string)context.Variables["tokenScopes"]).Contains("Admin"))">
                        <return-response>
                            <set-status code="403" reason="Forbidden" />
                            <set-header name="Content-Type" exists-action="override">
                                <value>application/json</value>
                            </set-header>
                            <set-body>@{
                                return new JObject(
                                    new JProperty("error", new JObject(
                                        new JProperty("code", "Forbidden"),
                                        new JProperty("message", "Insufficient permissions. Admin scope required for delete operations."),
                                        new JProperty("correlationId", context.Variables.GetValueOrDefault<string>("correlationId", Guid.NewGuid().ToString())),
                                        new JProperty("timestamp", DateTime.UtcNow.ToString("o"))
                                    ))
                                ).ToString();
                            }</set-body>
                        </return-response>
                    </when>
                </choose>
            </when>
            <!-- POST, PUT, PATCH operations require Data.Write or Admin scope -->
            <when condition="@(context.Request.Method == "POST" || context.Request.Method == "PUT" || context.Request.Method == "PATCH")">
                <choose>
                    <when condition="@(!((string)context.Variables["tokenScopes"]).Contains("Data.Write") && !((string)context.Variables["tokenScopes"]).Contains("Admin"))">
                        <return-response>
                            <set-status code="403" reason="Forbidden" />
                            <set-header name="Content-Type" exists-action="override">
                                <value>application/json</value>
                            </set-header>
                            <set-body>@{
                                return new JObject(
                                    new JProperty("error", new JObject(
                                        new JProperty("code", "Forbidden"),
                                        new JProperty("message", "Insufficient permissions. Data.Write or Admin scope required for write operations."),
                                        new JProperty("correlationId", context.Variables.GetValueOrDefault<string>("correlationId", Guid.NewGuid().ToString())),
                                        new JProperty("timestamp", DateTime.UtcNow.ToString("o"))
                                    ))
                                ).ToString();
                            }</set-body>
                        </return-response>
                    </when>
                </choose>
            </when>
            <!-- GET operations require Data.Read, Data.Write, or Admin scope -->
            <when condition="@(context.Request.Method == "GET" && context.Request.Url.Path != "/health")">
                <choose>
                    <when condition="@(!((string)context.Variables["tokenScopes"]).Contains("Data.Read") && !((string)context.Variables["tokenScopes"]).Contains("Data.Write") && !((string)context.Variables["tokenScopes"]).Contains("Admin"))">
                        <return-response>
                            <set-status code="403" reason="Forbidden" />
                            <set-header name="Content-Type" exists-action="override">
                                <value>application/json</value>
                            </set-header>
                            <set-body>@{
                                return new JObject(
                                    new JProperty("error", new JObject(
                                        new JProperty("code", "Forbidden"),
                                        new JProperty("message", "Insufficient permissions. Data.Read, Data.Write, or Admin scope required for read operations."),
                                        new JProperty("correlationId", context.Variables.GetValueOrDefault<string>("correlationId", Guid.NewGuid().ToString())),
                                        new JProperty("timestamp", DateTime.UtcNow.ToString("o"))
                                    ))
                                ).ToString();
                            }</set-body>
                        </return-response>
                    </when>
                </choose>
            </when>
        </choose>
        
        <!-- Rate Limiting by Client ID - Requirement 2.1, 2.2 -->
        <!-- Extract client ID from JWT subject claim for per-client rate limiting -->
        <set-variable name="clientId" value="@(context.Request.Headers.GetValueOrDefault("Authorization","").AsJwt()?.Subject ?? "anonymous")" />
        
        <!-- Rate limit: 100 requests per minute per client - Requirement 2.1 -->
        <rate-limit-by-key calls="100" 
                           renewal-period="60" 
                           counter-key="@((string)context.Variables["clientId"])" 
                           increment-condition="@(context.Response.StatusCode >= 200 && context.Response.StatusCode < 500)"
                           remaining-calls-variable-name="remainingCallsPerMinute" />
        
        <!-- Burst Protection: 10 concurrent requests - Requirement 2.4 -->
        <quota-by-key calls="10" 
                      renewal-period="1" 
                      counter-key="@((string)context.Variables["clientId"])" 
                      increment-condition="@(context.Response.StatusCode >= 200 && context.Response.StatusCode < 500)"
                      remaining-calls-variable-name="remainingCallsPerSecond" />
        
        <!-- IP Filtering - Requirements 5.1, 5.4 -->
        <!-- Only apply IP filtering if enabled via named value -->
        <choose>
            <when condition="@(context.Api.Name != "health-api" && "{{ip-filtering-enabled}}" == "true")">
                <!-- IP whitelist - reject requests from non-whitelisted IPs with 403 -->
                <ip-filter action="allow">
                    <!-- Configure allowed IP ranges via named values -->
                    <!-- Example format: -->
                    <!-- <address>10.0.0.1</address> -->
                    <!-- <address-range from="10.0.0.1" to="10.0.0.255" /> -->
                    <!-- Actual IP ranges should be configured in APIM named values -->
                </ip-filter>
            </when>
        </choose>
        
        <!-- CORS Policy - Requirements 5.2, 5.3 -->
        <!-- Validate Origin header and allow only configured origins -->
        <cors allow-credentials="false">
            <!-- Allowed origins - configure via named values for environment-specific settings -->
            <!-- In production, replace * with specific allowed origins -->
            <allowed-origins>
                <origin>{{cors-allowed-origin-1}}</origin>
                <origin>{{cors-allowed-origin-2}}</origin>
            </allowed-origins>
            
            <!-- Allowed HTTP methods - Requirement 5.3 -->
            <allowed-methods>
                <method>GET</method>
                <method>POST</method>
                <method>PUT</method>
                <method>PATCH</method>
                <method>DELETE</method>
                <method>OPTIONS</method>
            </allowed-methods>
            
            <!-- Allowed request headers - Requirement 5.3 -->
            <allowed-headers>
                <header>Authorization</header>
                <header>Content-Type</header>
                <header>Accept</header>
                <header>X-Correlation-ID</header>
            </allowed-headers>
            
            <!-- Expose response headers to client - Requirement 5.3 -->
            <expose-headers>
                <header>X-Correlation-ID</header>
                <header>X-Total-Count</header>
                <header>X-Page</header>
                <header>X-Page-Size</header>
                <header>X-Rate-Limit-Limit</header>
                <header>X-Rate-Limit-Remaining</header>
                <header>X-Rate-Limit-Reset</header>
                <header>Location</header>
            </expose-headers>
        </cors>
        
        <!-- Request Validation - Requirements 6.1, 6.2, 6.3, 6.4 -->
        
        <!-- Validate content type - Requirement 6.1 -->
        <choose>
            <when condition="@(context.Request.Method != "GET" && context.Request.Method != "DELETE" && context.Request.Method != "OPTIONS")">
                <choose>
                    <when condition="@(context.Request.Headers.GetValueOrDefault("Content-Type", "").Contains("application/json") == false && context.Request.Headers.GetValueOrDefault("Content-Type", "").Contains("application/json-patch+json") == false)">
                        <return-response>
                            <set-status code="400" reason="Bad Request" />
                            <set-header name="Content-Type" exists-action="override">
                                <value>application/json</value>
                            </set-header>
                            <set-body>@{
                                return new JObject(
                                    new JProperty("error", new JObject(
                                        new JProperty("code", "InvalidContentType"),
                                        new JProperty("message", "Content-Type must be application/json or application/json-patch+json"),
                                        new JProperty("correlationId", context.Variables.GetValueOrDefault<string>("correlationId", Guid.NewGuid().ToString())),
                                        new JProperty("timestamp", DateTime.UtcNow.ToString("o"))
                                    ))
                                ).ToString();
                            }</set-body>
                        </return-response>
                    </when>
                </choose>
            </when>
        </choose>
        
        <!-- Validate request body size (1 MB limit) and content - Requirement 6.2, 6.3 -->
        <validate-content unspecified-content-type-action="prevent" 
                         max-size="1048576" 
                         size-exceeded-action="prevent" 
                         errors-variable-name="requestBodyValidation" />
        
        <!-- Validate parameters against OpenAPI schema - Requirement 6.4 -->
        <validate-parameters specified-parameter-action="prevent" 
                            unspecified-parameter-action="prevent" 
                            errors-variable-name="requestParameterValidation" />
        
        <!-- Set Backend URL -->
        <set-backend-service base-url="{{backend-api-url}}" />
        
        <!-- Correlation ID Generation and Injection - Requirement 4.3 -->
        <!-- Accept existing correlation ID or generate new one -->
        <set-variable name="correlationId" value="@(context.Request.Headers.GetValueOrDefault("X-Correlation-ID", Guid.NewGuid().ToString()))" />
        <set-header name="X-Correlation-ID" exists-action="override">
            <value>@((string)context.Variables["correlationId"])</value>
        </set-header>
        
        <!-- Extract and forward user context to backend -->
        <set-header name="X-User-Id" exists-action="override">
            <value>@(context.Request.Headers.GetValueOrDefault("Authorization","").AsJwt()?.Subject ?? "anonymous")</value>
        </set-header>
        <set-header name="X-Client-App-Id" exists-action="override">
            <value>@(context.Request.Headers.GetValueOrDefault("Authorization","").AsJwt()?.Claims.GetValueOrDefault("appid", "unknown"))</value>
        </set-header>
        
        <!-- Structured Request Logging to Application Insights - Requirement 4.3 -->
        <log-to-eventhub logger-id="applicationinsights">
            @{
                var jwt = context.Request.Headers.GetValueOrDefault("Authorization","").AsJwt();
                return new JObject(
                    new JProperty("eventType", "request"),
                    new JProperty("timestamp", DateTime.UtcNow.ToString("o")),
                    new JProperty("correlationId", context.Variables["correlationId"]),
                    new JProperty("requestId", context.RequestId),
                    new JProperty("method", context.Request.Method),
                    new JProperty("url", context.Request.Url.Path),
                    new JProperty("queryString", context.Request.Url.QueryString),
                    new JProperty("clientIp", context.Request.IpAddress),
                    new JProperty("clientId", jwt?.Subject ?? "anonymous"),
                    new JProperty("appId", jwt?.Claims.GetValueOrDefault("appid", "unknown")),
                    new JProperty("scopes", context.Variables.GetValueOrDefault<string>("tokenScopes", "")),
                    new JProperty("userAgent", context.Request.Headers.GetValueOrDefault("User-Agent", ""))
                ).ToString();
            }
        </log-to-eventhub>
    </inbound>
    
    <backend>
        <base />
    </backend>
    
    <outbound>
        <base />
        
        <!-- Response Sanitization - Requirement 6.5 -->
        <!-- Remove sensitive headers that expose internal implementation details -->
        <set-header name="X-Powered-By" exists-action="delete" />
        <set-header name="X-AspNet-Version" exists-action="delete" />
        <set-header name="X-AspNetMvc-Version" exists-action="delete" />
        <set-header name="Server" exists-action="delete" />
        <set-header name="X-SourceFiles" exists-action="delete" />
        
        <!-- Add security headers -->
        <set-header name="X-Content-Type-Options" exists-action="override">
            <value>nosniff</value>
        </set-header>
        <set-header name="X-Frame-Options" exists-action="override">
            <value>DENY</value>
        </set-header>
        <set-header name="Strict-Transport-Security" exists-action="override">
            <value>max-age=31536000; includeSubDomains</value>
        </set-header>
        
        <!-- Add rate limit headers - Requirement 2.3 -->
        <set-header name="X-Rate-Limit-Limit" exists-action="override">
            <value>100</value>
        </set-header>
        <set-header name="X-Rate-Limit-Remaining" exists-action="override">
            <value>@(context.Variables.GetValueOrDefault<int>("remainingCallsPerMinute", 0).ToString())</value>
        </set-header>
        <set-header name="X-Rate-Limit-Reset" exists-action="override">
            <value>@(DateTime.UtcNow.AddSeconds(60 - DateTime.UtcNow.Second).ToString("o"))</value>
        </set-header>
        
        <!-- Structured Response Logging to Application Insights - Requirement 4.3 -->
        <log-to-eventhub logger-id="applicationinsights">
            @{
                return new JObject(
                    new JProperty("eventType", "response"),
                    new JProperty("timestamp", DateTime.UtcNow.ToString("o")),
                    new JProperty("correlationId", context.Variables["correlationId"]),
                    new JProperty("requestId", context.RequestId),
                    new JProperty("statusCode", context.Response.StatusCode),
                    new JProperty("statusReason", context.Response.StatusReason),
                    new JProperty("duration", context.Elapsed.TotalMilliseconds),
                    new JProperty("method", context.Request.Method),
                    new JProperty("url", context.Request.Url.Path),
                    new JProperty("clientId", context.Variables.GetValueOrDefault<string>("clientId", "anonymous")),
                    new JProperty("responseSize", context.Response.Body?.Length ?? 0)
                ).ToString();
            }
        </log-to-eventhub>
    </outbound>
    
    <on-error>
        <base />
        
        <!-- Error Handling Policy - Requirements 4.1, 4.2, 4.4 -->
        
        <!-- Structured Error Logging to Event Hub/Application Insights - Requirement 4.1 -->
        <log-to-eventhub logger-id="applicationinsights">
            @{
                var correlationId = context.Variables.GetValueOrDefault<string>("correlationId", Guid.NewGuid().ToString());
                var clientId = context.Variables.GetValueOrDefault<string>("clientId", "anonymous");
                
                return new JObject(
                    new JProperty("eventType", "error"),
                    new JProperty("timestamp", DateTime.UtcNow.ToString("o")),
                    new JProperty("correlationId", correlationId),
                    new JProperty("requestId", context.RequestId),
                    new JProperty("error", context.LastError.Message),
                    new JProperty("source", context.LastError.Source),
                    new JProperty("reason", context.LastError.Reason),
                    new JProperty("section", context.LastError.Section),
                    new JProperty("scope", context.LastError.Scope),
                    new JProperty("path", context.LastError.Path),
                    new JProperty("policyId", context.LastError.PolicyId),
                    new JProperty("method", context.Request.Method),
                    new JProperty("url", context.Request.Url.Path),
                    new JProperty("clientId", clientId),
                    new JProperty("clientIp", context.Request.IpAddress),
                    new JProperty("statusCode", context.Response.StatusCode)
                ).ToString();
            }
        </log-to-eventhub>
        
        <!-- Generic Error Response - Requirements 4.2, 4.4 -->
        <!-- Ensure no sensitive information is exposed in error responses -->
        <choose>
            <!-- Handle specific error types with appropriate status codes -->
            <when condition="@(context.LastError.Reason == "Unauthorized" || context.Response.StatusCode == 401)">
                <return-response>
                    <set-status code="401" reason="Unauthorized" />
                    <set-header name="Content-Type" exists-action="override">
                        <value>application/json</value>
                    </set-header>
                    <set-header name="X-Correlation-ID" exists-action="override">
                        <value>@(context.Variables.GetValueOrDefault<string>("correlationId", Guid.NewGuid().ToString()))</value>
                    </set-header>
                    <set-body>@{
                        return new JObject(
                            new JProperty("error", new JObject(
                                new JProperty("code", "Unauthorized"),
                                new JProperty("message", "Unauthorized. Access token is missing or invalid."),
                                new JProperty("correlationId", context.Variables.GetValueOrDefault<string>("correlationId", Guid.NewGuid().ToString())),
                                new JProperty("timestamp", DateTime.UtcNow.ToString("o"))
                            ))
                        ).ToString();
                    }</set-body>
                </return-response>
            </when>
            <when condition="@(context.LastError.Reason == "Forbidden" || context.Response.StatusCode == 403)">
                <return-response>
                    <set-status code="403" reason="Forbidden" />
                    <set-header name="Content-Type" exists-action="override">
                        <value>application/json</value>
                    </set-header>
                    <set-header name="X-Correlation-ID" exists-action="override">
                        <value>@(context.Variables.GetValueOrDefault<string>("correlationId", Guid.NewGuid().ToString()))</value>
                    </set-header>
                    <set-body>@{
                        return new JObject(
                            new JProperty("error", new JObject(
                                new JProperty("code", "Forbidden"),
                                new JProperty("message", "Insufficient permissions to access this resource."),
                                new JProperty("correlationId", context.Variables.GetValueOrDefault<string>("correlationId", Guid.NewGuid().ToString())),
                                new JProperty("timestamp", DateTime.UtcNow.ToString("o"))
                            ))
                        ).ToString();
                    }</set-body>
                </return-response>
            </when>
            <when condition="@(context.Response.StatusCode == 429)">
                <return-response>
                    <set-status code="429" reason="Too Many Requests" />
                    <set-header name="Content-Type" exists-action="override">
                        <value>application/json</value>
                    </set-header>
                    <set-header name="X-Correlation-ID" exists-action="override">
                        <value>@(context.Variables.GetValueOrDefault<string>("correlationId", Guid.NewGuid().ToString()))</value>
                    </set-header>
                    <set-header name="Retry-After" exists-action="override">
                        <value>60</value>
                    </set-header>
                    <set-body>@{
                        return new JObject(
                            new JProperty("error", new JObject(
                                new JProperty("code", "TooManyRequests"),
                                new JProperty("message", "Rate limit exceeded. Please retry after some time."),
                                new JProperty("correlationId", context.Variables.GetValueOrDefault<string>("correlationId", Guid.NewGuid().ToString())),
                                new JProperty("timestamp", DateTime.UtcNow.ToString("o"))
                            ))
                        ).ToString();
                    }</set-body>
                </return-response>
            </when>
            <when condition="@(context.Response.StatusCode == 400 || context.LastError.Reason == "ValidationError")">
                <return-response>
                    <set-status code="400" reason="Bad Request" />
                    <set-header name="Content-Type" exists-action="override">
                        <value>application/json</value>
                    </set-header>
                    <set-header name="X-Correlation-ID" exists-action="override">
                        <value>@(context.Variables.GetValueOrDefault<string>("correlationId", Guid.NewGuid().ToString()))</value>
                    </set-header>
                    <set-body>@{
                        return new JObject(
                            new JProperty("error", new JObject(
                                new JProperty("code", "InvalidRequest"),
                                new JProperty("message", "The request is invalid. Please check your request parameters and body."),
                                new JProperty("correlationId", context.Variables.GetValueOrDefault<string>("correlationId", Guid.NewGuid().ToString())),
                                new JProperty("timestamp", DateTime.UtcNow.ToString("o"))
                            ))
                        ).ToString();
                    }</set-body>
                </return-response>
            </when>
            <!-- Default: Internal Server Error -->
            <otherwise>
                <return-response>
                    <set-status code="500" reason="Internal Server Error" />
                    <set-header name="Content-Type" exists-action="override">
                        <value>application/json</value>
                    </set-header>
                    <set-header name="X-Correlation-ID" exists-action="override">
                        <value>@(context.Variables.GetValueOrDefault<string>("correlationId", Guid.NewGuid().ToString()))</value>
                    </set-header>
                    <set-body>@{
                        return new JObject(
                            new JProperty("error", new JObject(
                                new JProperty("code", "InternalServerError"),
                                new JProperty("message", "An error occurred processing your request. Please contact support with the correlation ID."),
                                new JProperty("correlationId", context.Variables.GetValueOrDefault<string>("correlationId", Guid.NewGuid().ToString())),
                                new JProperty("timestamp", DateTime.UtcNow.ToString("o"))
                            ))
                        ).ToString();
                    }</set-body>
                </return-response>
            </otherwise>
        </choose>
    </on-error>
</policies>
